name,slug,region,current_account_balance,debt_external,exports,gdp_composition_by_sector_of_origin_agriculture,gdp_composition_by_sector_of_origin_industry,gdp_composition_by_sector_of_origin_services,gini_index_coefficient_distribution_of_family_income,imports,industrial_production_growth_rate,inflation_rate_consumer_prices,labor_force,military_expenditures,public_debt,real_gdp_purchasing_power_parity,real_gdp_growth_rate,real_gdp_per_capita,reserves_of_foreign_exchange_and_gold,taxes_and_other_revenues,unemployment_rate,youth_unemployment_rate_ages_15_24
Germany,germany,Europe,262723000000,NA,2104000000000,0.7,28.1,62.6,31.7,1927000000000,-1.59,5.95,44784000,2.1,63.9,5230000000000,-0.3,61900,224028000000,11.23,3.05,6
China,china,East and Southeast Asia,252987000000,408967000000,3511000000000,7.1,38.3,54.6,37.1,3125000000000,3.58,0.23,779246000,1.5,47,31227000000000,5.2,22100,3223000000000,7.7,4.67,15.7
Japan,japan,East and Southeast Asia,150691000000,NA,920737000000,1,26.9,71.4,NA,989843000000,-1.25,3.27,69349000,1.4,216.21,5761000000000,1.92,46300,1322000000000,35.2,2.58,4.1
Netherlands,netherlands,Europe,112952000000,NA,949983000000,1.5,19.4,69.3,25.7,825799000000,-2.02,3.84,9999000,2.1,56.5,1240000000000,0.12,69300,43320000000,24.11,3.56,8.9
Singapore,singapore,East and Southeast Asia,99128000000,NA,873989000000,0,22.4,72.4,45.9,686656000000,-2.89,4.819999999999999,3619000,3,150.14,754758000000,1.08,127500,285478000000,12.03,3.47,8.3
Norway,norway,Europe,86368000000,NA,228625000000,2.1,39,50,27.7,157032000000,0.22,5.52,3009000,2.2,36.5,499528000000,0.51,90500,66946000000,31.27,3.58,11
Switzerland,switzerland,Europe,67821000000,NA,661628000000,0.6,24.9,71.9,33.7,554358000000,-1.66,2.14,4991000,0.7,17.8,733779000000,0.72,82900,854929000000,9.1,4.05,8
Taiwan,taiwan,East and Southeast Asia,65173000000,NA,388490000000,1.8,36,62.1,33.6,308744000000,3.9,0.5,11498000,2.4,35.7,1143000000000,2.71,47800,456700000000,16,3.73,NA
Iraq,iraq,Middle East,58010000000,15065000000,127079000000,2.8,55.6,42.3,NA,69162000000,-6.34,4.99,11812000,3,27.44,572939000000,-2.94,12600,68018000000,1.34,15.53,32.2
Ireland,ireland,Europe,53997000000,NA,731814000000,0.9,37.6,56.6,30.1,548827000000,-10.79,6.3,2766000,0.2,46.71,608463000000,-3.2,115600,5733000000,17.27,4.34,10.5
Kuwait,kuwait,Middle East,51396000000,NA,95476000000,0.4,67,43.6,NA,63430000000,8.05,3.64,2463000,5,20.6,219060000000,-2.23,50800,43668000000,41.8,2.08,15
Russia,russia,Central Asia,50224000000,135301000000,465432000000,3.3,30.6,56.9,36,378615000000,3.56,6.6899999999999995,72408000,5,19.51,5816000000000,3.6,39800,555179000000,10.97,3.33,12.7
Denmark,denmark,Europe,44195000000,NA,278917000000,1,21.5,66.1,28.3,240269000000,7.92,3.3099999999999996,3180000,2.4,35.3,428385000000,1.89,72000,66836000000,30.56,5.14,11.7
Spain,spain,Europe,41094000000,NA,615830000000,2.3,20.2,68.5,33.9,550576000000,1.94,3.53,24108000,1.3,111.43,2242000000000,2.5,46400,74731000000,15.82,12.14,28.7
Sweden,sweden,Europe,40073000000,NA,324073000000,1.6,22.8,65.3,29.8,296796000000,-2.68,8.55,5825000,2.1,36.25,676353000000,-0.2,64200,55510000000,27.11,7.59,21.6
Qatar,qatar,Middle East,36470000000,NA,128726000000,0.3,65.4,38.5,NA,72174000000,1.69,3.03,2035000,4,53.8,304973000000,4.21,113200,39718000000,26.4,0.13,0.6
"Korea, South",korea-south,East and Southeast Asia,35488000000,NA,769534000000,1.6,31.6,58.4,31.4,761102000000,1.14,3.59,29611000,2.7,51.18,2615000000000,1.36,50600,408819000000,18.44,2.64,5.4
Hong Kong,hong-kong,East and Southeast Asia,35366000000,NA,673305000000,0.1,6.3,91,53.9,670085000000,5.06,2.1,3825000,NA,0.1,485559000000,3.22,64400,441350000000,23.2,3.93,10.5
Saudi Arabia,saudi-arabia,Middle East,34070000000,NA,370974000000,2.7,47,44.9,NA,291565000000,-1.51,2.3299999999999996,16934000,7,17.2,1831000000000,-0.75,49600,514963000000,7.77,4.88,16.3
United Arab Emirates,united-arab-emirates,Middle East,26470000000,NA,335238000000,0.8,51.5,47.7,26,246886000000,8.49,4.83,6668000,4,19.7,719733000000,3.4,75600,108359000000,0.57,2.71,10.7
Vietnam,vietnam,East and Southeast Asia,25090000000,NA,374265000000,12,37.1,42.5,36.1,339767000000,3.74,3.25,56149000,1.8,58.5,1354000000000,5.05,13700,78335000000,24.8,1.6,6.2
Israel,israel,Middle East,25089000000,NA,156165000000,1.3,17.2,72.4,37.9,137567000000,6.05,4.23,4554000,4.5,72.6,471030000000,2,48300,126008000000,25.01,3.39,6
Australia,australia,Australia and Oceania,21384000000,NA,447508000000,2.4,27.4,64.2,34.3,363573000000,1.34,5.6,14501000,2,57.97,1584000000000,3.02,59500,57995000000,23.6,3.67,8.6
Austria,austria,Europe,13686000000,NA,306466000000,1.3,26.3,62.3,30.7,288146000000,-1.99,7.81,4825000,1,75.05,590354000000,-0.83,64600,23616000000,26.24,5.24,10.9
Poland,poland,Europe,12689000000,NA,469264000000,2.9,28.7,58.8,28.5,419701000000,0.55,11.53,18387000,4.1,50.6,1616000000000,0.16,44100,128392000000,17.27,2.91,11.6
Malaysia,malaysia,East and Southeast Asia,12271000000,NA,312857000000,7.7,37.7,53.5,40.7,283601000000,1.43,2.4899999999999998,17308000,0.9,60.27,1152000000000,3.68,33600,103630000000,11.65,3.86,12.5
Italy,italy,Europe,11552000000,NA,793589000000,1.9,23.1,64.9,34.8,756154000000,-0.02,5.619999999999999,25669000,1.5,131.8,3097000000000,0.92,52700,175398000000,24.92,7.62,22.7
Iran,iran,Middle East,9491000000,269852000,110882000000,13,41.8,42.7,34.8,102470000000,8.84,44.58,29159000,2.1,39.5,1440000000000,4.95,16200,120600000000,17.3,9.1,22.8
Azerbaijan,azerbaijan,Middle East,8329000000,12319000000,35487000000,5.5,46.6,39.1,NA,25016000000,1.34,8.79,5473000,4.5,16.82,215896000000,1.12,21300,7043000000,13.42,5.64,13.5
Thailand,thailand,East and Southeast Asia,7002000000,35388000000,336871000000,8.6,32.9,58.5,34.9,328009000000,-2.27,1.23,40814000,1.3,60.35,1516000000000,1.88,21100,224356000000,14.38,0.91,5.3
Luxembourg,luxembourg,Europe,5826000000,NA,176133000000,0.2,10.5,80.6,32.7,146807000000,0.49,3.74,352000,1.3,23,88533000000,-1.1,132400,1055000000,25.97,5.19,19
Libya,libya,Africa,5675000000,NA,32380000000,1.6,85,46.6,NA,25406000000,12.54,2.3699999999999997,2398000,NA,4.7,121951000000,-1.67,17700,84664000000,51.6,18.74,49.4
Oman,oman,Middle East,5652000000,NA,69701000000,1.8,57,44.5,NA,46326000000,5.05,0.9400000000000001,2316000,5.5,46.9,185960000000,1.3,40000,16662000000,31.3,1.46,6.8
Algeria,algeria,Africa,5424000000,671248000,58816000000,13.2,38,45.1,NA,51516000000,3.74,9.32,13425000,9,27.5,699947000000,4.1,15300,71796000000,32.3,11.81,30.8
Trinidad and Tobago,trinidad-and-tobago,Central America and the Caribbean,5382000000,NA,17584000000,1.1,48.9,47.8,NA,10694000000,3.18,4.63,681000,1,41.8,43681000000,2.1,28500,6929000000,16.55,4.21,10.1
Papua New Guinea,papua-new-guinea,East and Southeast Asia,4499000000,6350000000,11625000000,16.9,40.3,39,NA,6303000000,6.61,2.3,3229000,0.3,48.26,42900000000,2.68,4200,2339000000,14.79,2.65,3.7
Bangladesh,bangladesh,South Asia,4388000000,53630000000,58885000000,11,34.6,51.1,33.4,73172000000,8.37,9.88,74914000,1,33.1,1413000000000,5.78,8200,32697000000,7.64,5.06,15.7
Angola,angola,Africa,4210000000,46549000000,36961000000,14.9,45.3,39.7,51.3,23676000000,-7.18,13.639999999999999,15223000,1.3,65,265868000000,0.86,7200,16335000000,10.09,14.62,28.2
Portugal,portugal,Europe,3974000000,NA,136589000000,2,18,67,34.6,133006000000,-1.13,4.31,5419000,1.6,125.7,439008000000,2.26,41700,25003000000,23.05,6.49,20.2
Guinea,guinea,Africa,3350000000,3329000000,8898000000,28.2,31.3,31.9,29.6,5749000000,11.47,7.8,4401000,2.2,37.9,56655000000,7.06,4000,1499000000,16.6,5.3,7.3
Guatemala,guatemala,Central America and the Caribbean,3281000000,10336000000,17308000000,9.2,22.2,62.4,48.3,33041000000,1.91,6.21,7258000,0.4,31.56,223183000000,3.48,12700,14784000000,11.9,2.71,5.9
Brunei,brunei,East and Southeast Asia,3264000000,NA,14411000000,1.2,61.8,38.8,NA,10106000000,-1.43,0.36,228000,3,2.8,35260000000,1.41,77900,4273000000,18.5,5.27,18.6
Slovenia,slovenia,Europe,3057000000,NA,57489000000,1.9,29.1,57.8,24.3,52826000000,3.8,7.45,1055000,1.3,73.6,102036000000,1.59,48100,1015000000,18.14,3.63,9.9
Macau,macau,East and Southeast Asia,2782000000,NA,20985000000,NA,9.5,90.1,NA,21795000000,-5.63,1.05,407000,NA,0,71837000000,80.53,102000,22215000000,17.07,2.25,7
Bahrain,bahrain,Middle East,2699000000,NA,40344000000,0.3,44.5,51.1,NA,32374000000,-1.1,0.07,855000,3.1,115.52,85491000000,2.48,57600,3903000000,2.92,1.16,5.8
Ecuador,ecuador,South America,2291000000,39129000000,34640000000,7.7,26.9,59.7,45.5,34447000000,-0.75,2.22,8893000,2,45.4,260213000000,2.36,14300,2939000000,13.04,3.37,7.2
Peru,peru,South America,2219000000,37467000000,73326000000,7.1,35,49.6,40.3,62990000000,-1.28,6.46,18529000,1,35.25,517644000000,-0.55,15100,71394000000,15.92,4.82,8.8
"Congo, Republic of the",congo-republic-of-the,Africa,1716000000,6482000000,7752000000,9,45.2,40.4,NA,4487000000,0.75,4.3,2461000,2,130.8,38163000000,1.91,6200,423617000,6.51,20.05,41.2
Sri Lanka,sri-lanka,South Asia,1559000000,37487000000,17327000000,8.3,25.6,59.9,37.7,18823000000,-9.23,16.54,8707000,1.6,79.1,287132000000,-2.3,13000,3137000000,7.28,6.36,25.3
Lithuania,lithuania,Europe,1506000000,NA,61101000000,3,24.1,63.1,36.7,58104000000,-2.17,9.12,1510000,2.9,36.05,132712000000,-0.34,46200,5085000000,21.1,6.96,13.9
Nicaragua,nicaragua,Central America and the Caribbean,1381000000,6106000000,8250000000,15.3,27.3,46.3,46.2,10517000000,6.07,8.39,3264000,0.6,33.3,51088000000,4.57,7300,2397000000,19.84,4.8,9.5
Czechia,czechia,Europe,1281000000,NA,236688000000,1.6,30.2,59.8,26.2,219393000000,-0.44,10.66,5502000,2.1,34.7,519007000000,-0.31,47700,149856000000,13.13,2.59,8.3
Zimbabwe,zimbabwe,Africa,1096000000,NA,7650000000,27,46.9,18.5,50.3,10126000000,5.5,104.71000000000001,6561000,0.3,82.3,58583000000,4.96,3500,151241000,7.21,8.76,14.3
Zambia,zambia,Africa,1093000000,NA,12444000000,2.8,36.1,54.9,51.5,10022000000,1.73,10.88,7051000,1.4,71.41,76493000000,5.83,3700,1449000000,16.78,5.91,9.8
Cuba,cuba,Central America and the Caribbean,985400000,NA,8769000000,0.8,23.8,74.6,NA,8067000000,-6.73,5.5,5317000,4.2,47.7,137000000000,1.77,12300,11350000000,58.1,1.16,3
Bermuda,bermuda,North America,962258000,NA,1136000000,0.2,5.4,90.5,NA,1925000000,5.57,1.9,33480,NA,43,6349000000,6.43,99800,NA,16.3,7,29.3
Croatia,croatia,Europe,956968000,NA,44969000000,3,18.8,61.2,28.9,46571000000,-0.47,7.94,1744000,1.8,82.08,159305000000,3.06,41300,20771000000,21.41,6.06,19.2
Nepal,nepal,South Asia,939380000,5677000000,2999000000,21.2,12.1,55.4,NA,14098000000,1.38,7.109999999999999,8937000,1,39.92,144310000000,1.95,4700,8713000000,17.49,10.69,20.4
Djibouti,djibouti,Africa,656207000,2331000000,5674000000,1.8,15.3,76.9,41.6,5096000000,10,1.5,256000,3.5,31.8,7380000000,6.68,6500,501858000,35.3,26.26,76.5
Hungary,hungary,Europe,623545000,NA,172484000000,4.7,24.3,57.6,29.2,161558000000,-5.16,17.12,5006000,2.1,75.53,388906000000,-0.91,40600,31831000000,23.43,4.13,12.8
Botswana,botswana,Africa,606394000,1507000000,8900000000,1.6,34.3,59.4,53.3,8700000000,2.25,5.07,1170000,2.6,19.62,46742000000,2.73,17500,6170000000,19.65,23.38,45.4
Tajikistan,tajikistan,Central Asia,584022000,NA,2105000000,22.9,34.7,34.1,34,5931000000,9.26,7.7,2677000,1.2,50.4,46467000000,8.3,4600,1466000000,10.34,6.98,16.9
Andorra,andorra,Europe,583199000,NA,2736000000,0.5,11.4,78.6,NA,2440000000,3.88,-0.9,39750,NA,41,5168000000,1.44,64500,NA,69,3.7,NA
Cambodia,cambodia,East and Southeast Asia,552607000,NA,27753000000,21.5,38.5,33.4,NA,29420000000,4.3,2.13,9175000,2.1,30.4,85900000000,5.4,5100,18771000000,16.36,0.24,0.8
French Polynesia,french-polynesia,Australia and Oceania,411963000,NA,162000000,2.3,10.7,76.2,NA,1660000000,4.3,0,137000,NA,NA,5650000000,4.47,18600,NA,NA,11.72,37.3
Iceland,iceland,Europe,324663000,NA,13490000000,3.9,21,64.6,26.1,13484000000,3.24,8.739999999999998,239000,NA,86.5,26155000000,4.06,66500,6782000000,22.52,3.56,9.2
Aruba,aruba,Central America and the Caribbean,230556000,NA,2853000000,0,11.4,78.3,NA,2429000000,NA,4.26,NA,NA,86,4498000000,10.46,42300,982300000,25.2,7.7,NA
Turks and Caicos Islands,turks-and-caicos-islands,Central America and the Caribbean,172709000,NA,826824000,0.4,9.5,77.9,NA,544219000,5.84,4,NA,NA,NA,1030000000,1.2,22400,NA,NA,NA,NA
Suriname,suriname,South America,146749000,NA,2534000000,8.1,44.8,44.7,39.2,2218000000,3.05,52.449999999999996,250000,1.2,69.3,11824000000,2.08,19000,647935000,16.4,7.7,25.3
Mongolia,mongolia,East and Southeast Asia,121266000,9085000000,15501000000,10.2,40,40.1,31.4,13545000000,12.57,10.350000000000001,1403000,0.6,67.57,56264000000,7.02,16300,4364000000,16.91,6.13,11.4
Paraguay,paraguay,South America,109625000,12118000000,18711000000,11.3,32.4,49,45.1,17906000000,3.43,4.63,3469000,0.8,19.5,108022000000,4.71,15700,7717000000,10.27,5.78,13
North Macedonia,north-macedonia,Europe,99230000,NA,10748000000,7,21.4,58.2,33.5,12745000000,-1.07,9.360000000000001,801000,2.2,39.3,42444000000,1.03,23400,3651000000,17.39,13.08,28.6
Marshall Islands,marshall-islands,Australia and Oceania,76263000,NA,130016000,20.6,10.3,68.7,35.5,206025000,10.24,0,NA,NA,41.73,283577000,3.23,6800,NA,17.23,NA,26
Burma,burma,East and Southeast Asia,67720000,NA,20400000000,20.4,38.1,41.5,30.7,23100000000,1.53,8.83,22884000,3.9,33.6,290507000000,1,5300,7670000000,6.02,2.84,9.7
Liberia,liberia,Africa,64806000,835846000,1220000000,34.9,22.9,38.5,35.3,1961000000,13.86,23.56,2499000,0.8,34.4,8884000000,4.71,1600,297071000,NA,2.94,2.3
Samoa,samoa,Australia and Oceania,46511000,279335000,347190000,11,11,67.6,NA,560488000,-1.9,8.12,77000,NA,49.1,1359000000,7.99,6000,177244000,25.02,9.75,19.8
"Micronesia, Federated States of",micronesia-federated-states-of,Australia and Oceania,12000000,NA,179000000,22.5,4.9,66.8,NA,126000000,0.78,5.41,NA,NA,27.86,437922000,0.78,3800,497434000,7.05,NA,18.9
Nauru,nauru,Australia and Oceania,8406000,NA,187000000,NA,NA,NA,NA,94200000,4.3,5.1,NA,NA,62,145958000,0.7,11400,NA,44.35,NA,NA
Tuvalu,tuvalu,Australia and Oceania,2713000,NA,2232000,15.9,7,70,NA,57388000,4.3,4.1,3615,NA,37,59202000,3.85,5200,NA,NA,NA,20.6
San Marino,san-marino,Europe,0,NA,3420000000,0,36.6,56.5,NA,2934000000,11.57,1.05,NA,NA,95.12,2218000000,8.46,65700,473111000,17.3,8.1,27.4
Puerto Rico,puerto-rico,Central America and the Caribbean,0,NA,59787000000,0.7,49.1,50.6,NA,51509000000,4.3,1.8,1154000,NA,51.6,137828000000,0.56,43000,NA,8.9,5.96,13.7
Kiribati,kiribati,Australia and Oceania,-6460000,NA,19677000,23,7,70,27.8,254438000,21.11,2.05,NA,NA,26.3,423828000,4.29,3200,NA,20.22,NA,22.5
Comoros,comoros,Africa,-6614000,233947000,165347000,37.2,9,49.6,45.3,479940000,0,1,234000,NA,32.4,2961000000,2.7,3500,202031700,25.3,5.8,10.9
Laos,laos,East and Southeast Asia,-10954000,NA,8604000000,16.1,30.5,44,38.8,7772000000,2.61,31.23,3174000,0.2,63.6,64173000000,3.75,8400,1111000000,12.11,1.18,2.2
Montserrat,montserrat,Central America and the Caribbean,-15400000,NA,11900000,1.9,7.8,90.3,NA,15300000,-21,1.2,NA,NA,NA,NA,NA,NA,47580000,NA,5.6,NA
Togo,togo,Africa,-20738000,1462000000,1722000000,18.1,20.2,51.7,37.9,2389000000,6.74,7.970000000000001,3166000,2.2,75.7,25750000000,6.41,2800,77800000,14.19,2.05,3.3
Anguilla,anguilla,Central America and the Caribbean,-23200000,NA,7900000,3,10.5,86.4,NA,186200000,4,1.3,NA,NA,20.1,NA,NA,NA,76380000,46.7,NA,NA
Tonga,tonga,Australia and Oceania,-28840000,152877000,59926000,16.3,15.9,49.7,27.1,332743000,1.23,6.35,38000,1.6,51.8,700437000,-2.01,6600,218448000,21.3,2.3,6.7
Sint Maarten,sint-maarten,Central America and the Caribbean,-41640000,NA,1372000000,NA,6,89.3,NA,1318000000,0.46,2.19,NA,NA,NA,1912000000,3.4,46400,NA,NA,NA,NA
Saint Lucia,saint-lucia,Central America and the Caribbean,-45381000,687824000,1415000000,0.9,8.6,74.1,51.2,1274000000,3.5,4.07,101000,NA,70.7,4083000000,3.19,22700,260870000,18.23,11.09,28.2
Sao Tome and Principe,sao-tome-and-principe,Africa,-79437000,249404000,96977000,13.9,4.4,79,40.7,219322000,6.59,21.259999999999998,76000,NA,88.4,1267000000,-0.47,5500,47148000,26.2,14.21,21.1
Cabo Verde,cabo-verde,Africa,-82487000,1460000000,951224000,4.5,10.7,70.6,42.4,1424000000,1.18,7.930000000000001,257000,0.6,125.8,4903000000,5.15,8200,737991000,18.39,11.99,28.7
"Gambia, The",gambia-the,Africa,-90251000,696707000,267377000,24.6,15.2,51.5,38.8,829516000,6.5,16.97,969000,0.6,88,7905000000,5.3,2900,256957000,20.3,6.48,10.6
Belize,belize,Central America and the Caribbean,-90630000,1176000000,1462000000,9,13.2,63,NA,1571000000,-4.52,4.39,190000,0.9,99,5257000000,4.54,12800,277578800,21.34,8.26,17.4
Lesotho,lesotho,Africa,-117501000,830976000,886278000,6.3,29.5,51.4,44.9,2058000000,-0.33,6.34,1004000,1.5,2.99,5868000000,0.9,2500,774095000,31.31,16.46,24.8
Vanuatu,vanuatu,Australia and Oceania,-127432000,295759000,152087000,21.2,10,59.8,32.3,579347000,4.92,6.68,142000,NA,87.07,999536000,2.21,3000,511546000,15.88,5.1,10.7
Jamaica,jamaica,Central America and the Caribbean,-129756000,9148000000,6424000000,9,18.6,60.1,40.2,9726000000,4.98,6.470000000000001,1559000,1.2,106.28,29225000000,2.2,10300,3631000000,25.71,4.42,13.8
Palau,palau,Australia and Oceania,-135428000,NA,24480000,3.4,12.3,80.1,NA,216681000,-19.56,12.8,11610,NA,85.24,284695000,0.45,15800,580900000,17.93,1.7,5.6
Eritrea,eritrea,Africa,-137000000,471009000,624300000,11.7,29.6,58.7,NA,1127000000,4.3,9,1800000,10,131.2,9702000000,5,1600,191694000,34.9,5.87,10
Eswatini,eswatini,Africa,-140972000,758868000,2095000000,8.1,33.5,53.5,54.6,2288000000,1.53,2.6,405000,1.6,35.4,12814000000,4.84,10600,440314200,24.13,37.64,65
Saint Vincent and the Grenadines,saint-vincent-and-the-grenadines,Central America and the Caribbean,-142763000,414492000,347827000,4.2,14.2,64.2,NA,566477000,3.91,4.56,53000,NA,73.8,1858000000,6.02,17900,193357000,23.8,18.67,42.3
Saint Kitts and Nevis,saint-kitts-and-nevis,Central America and the Caribbean,-143262000,NA,577568000,1.4,19.8,64.9,NA,674134000,-2.4,3.56,NA,NA,62.9,1438000000,3.43,30100,362798000,15.04,NA,NA
Guinea-Bissau,guinea-bissau,Africa,-146640000,808187000,280065000,33.7,16.1,45.1,33.4,577899000,4,9.39,726000,1.4,53.9,5099000000,4.25,2400,356400000,9.16,3.18,4
Seychelles,seychelles,Africa,-155194000,NA,2375000000,2.8,12,68,32.1,2437000000,2.13,8.28,51000,1.6,63.6,3530000000,3.16,29500,580546000,26.18,3,16.5
Sierra Leone,sierra-leone,Africa,-156702000,1072000000,1195000000,64.4,7.8,24.7,35.7,2013000000,3.27,47.64,2913000,0.6,63.9,14633000000,3.43,1700,530138000,15.6,3.17,3.6
Central African Republic,central-african-republic,Africa,-163000000,552586000,293074000,28.6,20.7,40.5,43,784669000,-10.28,2.98,2114000,1.8,52.9,5849000000,0.87,1000,361797000,8.21,6.29,10.7
Solomon Islands,solomon-islands,Australia and Oceania,-178197000,117742000,546025000,33.8,18.7,47.3,NA,883611000,4.7,5.89,382000,NA,15.39,2025000000,2.95,2700,571632000,20.67,1.55,3
Grenada,grenada,Central America and the Caribbean,-184237000,458369000,899153000,3.3,14.9,64.3,43.8,1021000000,-4.07,2.7,55270,NA,70.4,2008000000,4.81,15900,236325000,25.8,24,NA
Albania,albania,Europe,-202323000,4624000000,9178000000,18.3,21.2,48,29.4,10373000000,4.03,6.73,1388000,2,82.38,49592000000,3.44,18100,3764000000,18.2,11.58,28.2
Dominica,dominica,Central America and the Caribbean,-221939000,282847000,185062000,14.8,12.2,58.5,NA,414130000,5.01,3.48,NA,NA,82.7,1159000000,4.71,15900,155172000,40.9,NA,NA
Timor-Leste,timor-leste,East and Southeast Asia,-227620000,207551000,701808000,10.2,53.8,37.2,28.7,1179000000,-46.25,0.96,597000,1.3,3.8,6265000000,-14.36,4600,656221000,21.67,1.52,3.2
Bulgaria,bulgaria,Europe,-248130000,14277000000,62118000000,3,25.4,59.3,39,58790000000,0.91,9.44,3103000,2.2,30.3,214061000000,1.85,33300,27902000000,21.8,4.3,12
Guyana,guyana,South America,-254121000,1631000000,11536000000,10,67.8,19.3,NA,7067000000,98.53,2.82,295000,0.6,52.2,40539000000,33.02,49800,573446000,28.1,12.43,25.9
Antigua and Barbuda,antigua-and-barbuda,Central America and the Caribbean,-262098000,NA,1217000000,1.9,19.4,67.8,NA,1300000000,3.89,5.07,NA,NA,86.8,2703000000,3.86,28700,279133000,19.6,11,NA
Barbados,barbados,Central America and the Caribbean,-296396000,NA,2228000000,1.4,13.1,72.3,NA,2120000000,3.64,9.79,146000,0.7,146.46,4920000000,4.52,17400,772119000,27.39,7.95,24.9
Pakistan,pakistan,South Asia,-350044000,74852000000,36442000000,23.4,20.8,50.6,29.6,57806000000,-3.76,30.77,80990000,3,67,1347000000000,0,5600,16586000000,15.4,5.5,9.7
Burundi,burundi,Africa,-362645000,444292000,285105000,25.2,9.6,48.8,37.5,905294000,2.75,26.939999999999998,5722000,3.7,51.7,11347000000,2.7,900,111374000,15.64,0.93,1.7
Somalia,somalia,Africa,-464000000,NA,819000000,NA,NA,NA,36.8,94430000000,4.3,1.5,3277000,6,76.7,26351000000,3.1,1500,30450000,0,19.03,34.3
El Salvador,el-salvador,Central America and the Caribbean,-465688000,11276000000,10629000000,4.6,25,59.8,38.8,17032000000,4.12,4.05,2870000,1.2,66.47,71957000000,3.51,11300,3426000000,19.69,2.76,7.2
Haiti,haiti,Central America and the Caribbean,-491954000,1645000000,1355000000,18.2,31,47.8,NA,5451000000,-3.82,36.809999999999995,5238000,NA,31.1,34406000000,-1.86,2900,2355000000,18.2,14.62,36.8
Armenia,armenia,Middle East,-510104000,6028000000,14130000000,8.4,23.9,59,27.9,14279000000,5.51,1.98,1356000,5.3,46.55,57728000000,8.7,20800,2850000000,21.83,8.59,19
Chad,chad,Africa,-558000000,2352000000,6503000000,25.1,44.4,28.7,37.4,5028000000,3.27,10.84,5806000,2.9,52.5,32446000000,4.12,1800,147750000,13.5,1.08,1.5
"Congo, Democratic Republic of the",congo-democratic-republic-of-the,Africa,-587407000,5383000000,22354000000,17.4,46.5,33.5,44.7,22193000000,14.56,41.5,35983000,1.2,15.99,154012000000,8.56,1500,3467000000,11.41,4.54,8.6
South Sudan,south-sudan,Africa,-596748000,NA,5811000000,10.4,33.1,56.6,44.1,6402000000,-36.78,2.38,4471000,2.5,62.7,20010000000,-5.2,1600,183615000,8.5,12.27,18.3
Mauritius,mauritius,Africa,-654051000,2827000000,5499000000,3.8,18.6,64.6,36.8,8038000000,10.47,7.05,588000,NA,57.96,33530000000,6.95,26600,7362000000,19.05,6.06,20.9
New Caledonia,new-caledonia,Australia and Oceania,-654237000,NA,1920000000,1.8,22.3,65.2,NA,2260000000,4.3,1.4,119000,NA,6.5,10266000000,3.5,35700,NA,20.4,11.22,32.6
Gabon,gabon,Africa,-725000000,6060000000,12935000000,5.8,52.9,36.4,38,3499000000,3.5,3.63,763000,1.3,62.7,48201000000,2.26,19800,1372000000,9.13,20.36,36.5
Benin,benin,Africa,-734659000,5328000000,4154000000,25.4,17.3,47.7,34.4,4925000000,7.29,2.73,4964000,0.5,54.6,52510000000,6.35,3800,698900000,17.1,1.45,3.9
Equatorial Guinea,equatorial-guinea,Africa,-738000000,NA,6231000000,2.9,51.2,44.9,NA,4297000000,-11.87,4.79,593000,1.6,37.4,28938000000,-5.69,16900,48930000,6.69,8.67,16.4
Bosnia and Herzegovina,bosnia-and-herzegovina,Europe,-760467000,4521000000,11942000000,4.3,23.3,56.4,NA,15398000000,-2.8,1.98,1369000,0.8,41.74,63769000000,1.68,19900,7208000000,19.09,10.42,26.5
Kosovo,kosovo,Europe,-794765000,NA,4155000000,7.8,26.3,46,29,7362000000,1.56,4.94,500300,1.3,21.2,23794000000,3.34,13500,965832000,29,30.5,48.8
Nigeria,nigeria,Africa,-805777000,37911000000,60261000000,22.7,32.6,42.8,35.1,72251000000,0.72,24.66,75721000,0.7,21.8,1275000000000,2.86,5700,38336000000,3.4,3.07,5.8
Cayman Islands,cayman-islands,Central America and the Caribbean,-821404000,NA,4054000000,0.5,8.2,85.4,NA,2743000000,3.45,2,NA,NA,NA,5467000000,5.16,79600,216800000,38.9,NA,13.8
Madagascar,madagascar,Africa,-829376000,2972000000,4689000000,21.1,14.9,54.9,NA,6041000000,-33.28,9.870000000000001,15830000,0.7,36,51255000000,3.99,1700,1693000000,9.25,3.06,5.5
Montenegro,montenegro,Europe,-841765000,3401000000,3775000000,5.6,11.9,62.4,34.3,5163000000,3.34,8.58,286000,2,67.2,17115000000,5.98,27800,1529000000,37.2,15.25,27.9
Costa Rica,costa-rica,Central America and the Caribbean,-844640000,12877000000,33699000000,3.8,20.5,68,47.2,28441000000,8.35,0.53,2408000,0.6,71.11,134238000000,5.11,25800,8937000000,14.35,8.3,24.1
Estonia,estonia,Europe,-848528000,NA,31939000000,2.2,22.3,63.8,31.8,31701000000,-9.7,9.16,752000,3.4,25.2,57377000000,-3.01,42000,1426000000,21.01,6.35,17.1
Fiji,fiji,Australia and Oceania,-865665000,1235000000,2376000000,8.3,16.1,52.9,30.7,3434000000,15.32,4.52,391000,1.1,48.9,12699000000,8.03,13600,1043000000,15.87,4.33,15.2
Curacao,curacao,Central America and the Caribbean,-877284000,NA,2049000000,0.3,11.2,73.4,NA,2904000000,4.3,2.62,NA,NA,NA,4137000000,7.9,27600,NA,NA,NA,42.2
Bhutan,bhutan,South Asia,-999999000,2514000000,815050000,14.7,31.8,51.2,28.5,1754000000,5.6,4.23,430000,NA,111.01,10981000000,5.21,14000,976260000,12.28,5.65,29.2
Malta,malta,Europe,-1020000000,NA,25417000000,0.7,12.1,79.7,31.4,23883000000,4.3,5.09,313000,0.8,50.7,31661000000,5.61,57200,937616000,23.37,3.13,9.3
Belarus,belarus,Europe,-1020000000,NA,47870000000,7.3,32.5,47.8,24.4,47398000000,8.12,5,4956000,1.5,33.24,254407000000,3.89,27700,9394000000,11.23,3.57,10.2
Maldives,maldives,South Asia,-1033000000,NA,5096000000,4.9,10.3,73.3,29.3,4904000000,7.26,2.3299999999999996,260000,NA,63.9,11651000000,3.97,22400,753496300,19.45,4.13,14.9
Bolivia,bolivia,South America,-1247000000,9862000000,11975000000,12.5,24.8,51.3,40.9,13130000000,1,2.58,6114000,1.2,49,119785000000,2.44,9700,6455000000,39.9,3.08,5.3
Georgia,georgia,Middle East,-1326000000,6976000000,15161000000,6,19,61.7,34.2,17791000000,6.15,2.4899999999999998,1853000,1.7,42.97,83656000000,7.47,22200,3506000000,22.9,11.62,30.2
Honduras,honduras,Central America and the Caribbean,-1335000000,7611000000,9701000000,12,26,57.4,48.2,17861000000,-2.04,6.659999999999999,4676000,1.5,39.5,68854000000,3.58,6500,5744000000,15.07,6.06,11
Burkina Faso,burkina-faso,Africa,-1404000000,3234000000,5814000000,16.3,29.3,43.6,37.4,6761000000,1.95,0.74,8577000,4,62.53,57152000000,2.96,2500,49000000,17.67,5.29,8
Mauritania,mauritania,Africa,-1424000000,3172000000,4132000000,19.9,30.9,42.5,32,5770000000,-0.48,4.95,1179000,2.5,96.6,30395000000,3.38,6300,2039000000,27.4,10.51,23.7
Mali,mali,Africa,-1475000000,3923000000,5855000000,36.8,19.4,36.1,35.7,7942000000,-0.82,2.06,8277000,4,35.4,57235000000,5.24,2500,647800000,14.16,3.01,4.1
Cameroon,cameroon,Africa,-1505000000,9612000000,8641000000,16.7,25.2,51.6,42.2,9759000000,3.8,7.38,11965000,1,36.9,138925000000,3.99,4800,5133000000,11.35,3.65,6.4
Ghana,ghana,Africa,-1517000000,NA,25744000000,21.1,29.5,42.5,43.5,26329000000,-1.22,38.11,14887000,0.4,71.8,229639000000,2.94,6700,3624000000,12.3,3.08,5.5
Rwanda,rwanda,Africa,-1654000000,4254000000,3509000000,27.1,21.5,44.3,43.7,5783000000,10.25,19.79,5283000,1.4,40.5,42701000000,8.24,3000,1465000000,15.07,14.93,22
Latvia,latvia,Europe,-1752000000,NA,27947000000,4.2,20.9,63.1,34.3,29626000000,0.71,8.94,978000,3.2,36.3,71154000000,-0.28,37800,4480000000,22.79,6.53,12.5
"Bahamas, The",bahamas-the,Central America and the Caribbean,-1763000000,NA,4744000000,0.4,8.8,80.8,NA,5692000000,10.34,3.05,242000,0.8,82.16,13224000000,2.64,32000,1758000000,16.43,9.2,23.6
Namibia,namibia,Africa,-1848000000,NA,5641000000,7.7,30,53.4,59.1,8281000000,9.19,5.88,989000,2.8,4.64,29944000000,4.16,11500,2049000000,27.17,19.42,38
Indonesia,indonesia,East and Southeast Asia,-1880000000,NA,292790000000,12.5,40.2,42.9,38.3,264426000000,5,3.67,140931000,0.8,45.34,3906000000000,5.05,14100,129186000000,11.6,3.42,13.9
Serbia,serbia,Europe,-1954000000,NA,44343000000,5.2,26.4,51.2,33.1,48216000000,3.62,12.370000000000001,3333000,2.4,62.5,162213000000,2.53,24500,14995000000,25.11,8.68,24.3
Moldova,moldova,Europe,-1974000000,1899000000,5865000000,7.6,17.4,61.1,25.7,9867000000,-11.74,13.42,1464000,0.5,34.52,38969000000,0.78,15700,3060000000,18.94,1.62,4.2
Gaza Strip,gaza-strip,Middle East,-2037000000,NA,3533000000,5.7,17.4,58.3,33.7,12257000000,-8.57,5.87,1389000,NA,NA,27418000000,-5.51,5300,658352000,21.47,24.42,36
West Bank,west-bank,Middle East,-2037000000,NA,3533000000,5.7,17.4,58.3,33.7,12257000000,-8.57,5.87,1389000,NA,24.4,27418000000,-5.51,5300,658352000,21.47,24.42,36
Slovakia,slovakia,Europe,-2088000000,NA,121238000000,2,32.7,56.5,24.1,118869000000,15.61,10.53,2823000,2,64.51,213053000000,1.6,39300,7169000000,19.5,5.84,19.4
Syria,syria,Middle East,-2123000000,3619000000,2224000000,27.8,28.9,43.3,26.6,6553000000,-14.03,28.1,6315000,6.5,94.8,62151000000,1.3,2900,407300000,4.2,13.54,33.5
Malawi,malawi,Africa,-2276000000,1971000000,1487000000,22.1,18.3,52.2,38.5,3706000000,1.58,28.79,8366000,0.7,52.63,35238000000,1.54,1700,594498000,12.78,5.04,6.8
Yemen,yemen,Middle East,-2419000000,5687000000,384500000,28.7,25.4,41.8,36.7,4079000000,-1.12,24.7,6883000,NA,74.5,73630000000,0.75,2500,1414000000,9,17.22,32.7
Mozambique,mozambique,Africa,-2426000000,NA,9289000000,26.7,22.8,40.6,50.5,11180000000,10.43,7.13,15191000,1.5,78.62,50631000000,5,1500,20664000000,23.25,3.54,7.6
Niger,niger,Africa,-2500000000,3688000000,1376000000,47.8,20.2,26.9,32.9,4194000000,2.9,3.7,10237000,2,45.3,44561000000,2.5,1600,1314000000,21.4,0.55,0.8
Uruguay,uruguay,South America,-2797000000,NA,21286000000,5.6,16.4,66.3,40.6,18865000000,-3.83,5.87,1775000,1,60.28,105096000000,0.37,30700,14504000000,18.51,8.35,26.2
Afghanistan,afghanistan,South Asia,-3137000000,284000000,1476000000,33.7,16.1,45,NA,6983000000,-5.73,2.3,8921000,3.3,7,80416000000,-6.24,2000,9749000000,9.9,14.39,18.1
Senegal,senegal,Africa,-3327000000,12652000000,6780000000,16.4,23.7,50.8,36.2,12278000000,2.9,9.7,5257000,1.5,48.3,77382000000,3.7,4400,1827000000,18.7,2.93,4.1
Panama,panama,Central America and the Caribbean,-3739000000,NA,36569000000,2.4,27.1,67.9,48.9,36135000000,13.06,1.49,2096000,1.1,37.8,159867000000,7.32,35800,3423000000,7.46,6.7,16.6
Venezuela,venezuela,South America,-3870000000,NA,83401000000,5,37.2,51.7,NA,18432000000,-5.84,146101.7,11548000,5.2,38.9,269068000000,-19.67,7704,9794000000,44.2,5.53,10.8
Cyprus,cyprus,Europe,-3886000000,NA,28808000000,1.6,12.2,74,31.3,29091000000,3.16,3.54,693000,1.8,97.5,46976000000,2.47,50600,1033000000,24.71,5.96,17.5
Tunisia,tunisia,Africa,-4018000000,18169000000,17258000000,9.5,23.5,62.1,33.7,22500000000,-1.5,9.33,4445000,2.5,70.3,153637000000,0.42,12300,7920000000,24.7,15.11,37.5
Jordan,jordan,Middle East,-4159000000,16293000000,20335000000,4.8,24.1,60.6,NA,29955000000,3.28,2.08,3063000,4.5,101.14,106806000000,2.62,9400,15560000000,17.51,17.94,40.8
Uganda,uganda,Africa,-4172000000,9636000000,6115000000,23.8,26,42.4,42.7,11145000000,3.5,5.35,18881000,2,53.89,135668000000,5.23,2800,3359000000,12.55,2.83,4.5
Turkmenistan,turkmenistan,Central Asia,-4359000000,3729000000,10282000000,11.6,40.6,47.8,NA,6250000000,4.3,8,2163000,1.9,28.8,94790000000,6.3,14700,24910000000,14.9,4.12,9.1
Finland,finland,Europe,-4364000000,NA,122953000000,2.5,24.5,60.7,27.7,124221000000,-2.72,6.25,2880000,2.4,61.3,321126000000,-1.04,57500,11427000000,21.08,7.16,15.9
Dominican Republic,dominican-republic,Central America and the Caribbean,-4376000000,NA,25843000000,6.4,31.1,56,37,34455000000,-0.07,4.79,5302000,0.6,37.2,261616000000,2.36,23100,8871000000,13.82,5.56,11.8
Sudan,sudan,Africa,-4443000000,19642000000,5908000000,5.6,5.2,7.6,34.2,11575000000,-11.6,138.81,13590000,1,121.6,136039000000,-12.05,2800,177934000,7.39,11.45,18.2
Morocco,morocco,Africa,-4775000000,36290000000,58556000000,12,23.8,53.9,NA,73783000000,0.96,6.09,12284000,4,65.1,337480000000,3.18,8800,26413000000,22.12,9.11,22.6
Ethiopia,ethiopia,Africa,-4788000000,21522000000,10865000000,35.8,24.5,37,35,22951000000,6.93,30.22,61664000,1,31.45,354604000000,6.5,2800,3046000000,4.51,3.5,5.6
Kyrgyzstan,kyrgyzstan,Central Asia,-5180000000,3457000000,3628000000,9.7,22.6,50.8,28.8,10655000000,4.93,10.75,3069000,1.5,47.09,45461000000,6.15,6400,2429000000,19.54,4.04,8.2
Tanzania,tanzania,Africa,-5384000000,15913000000,11986000000,23.7,27.7,28.9,40.5,16674000000,3.9,3.8,31219000,1.3,37,234050000000,5.19,3600,5050000000,11.47,2.61,3.5
Cote d'Ivoire,cote-divoire,Africa,-5394000000,23623000000,17211000000,14.4,24.5,54.3,35.3,19948000000,9.06,4.39,10954000,0.9,47,202758000000,6.54,7000,6257000000,11.94,2.4,4
Lebanon,lebanon,Middle East,-5643000000,38856000000,11770000000,1.1,2.4,47.7,NA,23313000000,0.74,221.34,1771000,3.2,146.8,65818000000,-0.15,12300,52213000000,5.68,11.57,23.7
Mexico,mexico,North America,-5716000000,286005000000,649312000000,4,31.8,58.3,43.5,673828000000,3.52,5.53,60042000,0.6,44.05,2873000000000,3.23,22400,183056000000,13.44,2.81,6.1
Kenya,kenya,Africa,-5766000000,31029000000,13859000000,21.3,17.1,55.5,38.7,24406000000,2.2,7.67,25502000,1,54.2,314063000000,5.43,5700,9116000000,13.26,5.68,12.2
South Africa,south-africa,Africa,-6160000000,53430000000,124731000000,2.5,24.6,63,63,123541000000,-0.15,6.07,25158000,0.7,76.55,862981000000,0.6,14300,55056000000,26.11,27.99,49.1
Belgium,belgium,Europe,-6205000000,NA,535174000000,0.8,18.4,70.7,26.6,545471000000,-1.95,4.05,5432000,1.3,94.04,751592000000,1.37,63600,28970000000,23.09,5.51,16.1
Uzbekistan,uzbekistan,Central Asia,-7788000000,22305000000,24536000000,23,30.5,41,31.2,42098000000,6.15,11.450000000000001,14270000,2.8,24.3,319174000000,5.99,8800,29291000000,14.79,4.53,11
Kazakhstan,kazakhstan,Central Asia,-8658000000,22643000000,90167000000,4.3,32,56,29.2,71811000000,7.36,14.719999999999999,9587000,0.8,22.41,705520000000,5.1,35500,28958000000,9.45,4.85,3.8
Ukraine,ukraine,Europe,-9209000000,NA,51093000000,7.4,18.8,61.3,25.6,88488000000,8.61,12.850000000000001,20312000,4,58.72,559981000000,5.3,16200,25317000000,16.69,9.83,19.1
Colombia,colombia,South America,-9715000000,97915000000,67762000000,8.7,24.5,56.9,54.8,75983000000,-1.95,11.739999999999998,26003000,2.9,70.14,978024000000,0.61,18800,52653000000,15.28,9.57,19.3
Egypt,egypt,Africa,-10537000000,97500000000,76295000000,10.6,32.7,51.6,31.9,97144000000,-0.57,33.879999999999995,33431000,1,103,1912000000000,3.76,17000,44569000000,12.52,7.31,19
Philippines,philippines,East and Southeast Asia,-11206000000,NA,103601000000,9.4,28.2,62.4,40.7,150269000000,3.59,5.98,49477000,1.5,39.9,1138000000000,5.55,9700,89515000000,14.62,2.23,6.9
Chile,chile,South America,-11899000000,NA,104349000000,3.5,29.7,56.9,43,99808000000,1.56,7.58,9848000,1.5,23.6,579201000000,0.22,29500,40656000000,21.27,9.04,22
Canada,canada,North America,-13255000000,NA,717677000000,1.8,22.5,69.6,31.7,726139000000,-0.9,3.88,22110000,1.4,61.42,2238000000000,1.07,55800,85297000000,12.83,5.37,10.6
Greece,greece,Europe,-15056000000,NA,106650000000,3.8,15.7,67.6,32.9,117922000000,1.68,3.46,4645000,3.1,203.29,375780000000,2.01,36300,8507000000,27.81,11,26.6
New Zealand,new-zealand,Australia and Oceania,-16982000000,NA,59043000000,5.8,19,67.1,NA,68429000000,-2.56,5.73,3068000,1.3,54.57,254770000000,0.63,48800,17814000000,29.93,3.74,10.7
Argentina,argentina,South America,-21494000000,77880000000,83359000000,6.1,25.1,52.8,40.7,92574000000,-0.35,25.7,21906000,0.8,57.6,1235000000000,-1.55,26500,44881000000,11.15,6.18,18
France,france,Europe,-22792000000,NA,1052000000000,1.9,18.7,69.2,31.5,1099000000000,0.74,4.88,31825000,2.1,98.66,3764000000000,0.7,55200,189006000000,24.62,7.32,17.1
Romania,romania,Europe,-24487000000,NA,137337000000,3.9,27.6,59.8,33.9,154106000000,1.15,10.4,8282000,2.3,50.45,772107000000,2.15,40500,42007000000,16.02,5.6,21.3
Brazil,brazil,South America,-30828000000,164448000000,389626000000,6.2,22.3,58.9,52,346639000000,1.59,4.59,108695000,1.1,79.1,4016000000000,2.91,18600,356886000000,14.73,7.95,17.9
India,india,South Asia,-32336000000,186653000000,773224000000,16,25,49.8,32.8,859485000000,9.02,5.6499999999999995,593729000,2.3,46.52,13104000000000,7.58,9200,463470000000,12.02,4.17,15.8
Turkey (Turkiye),turkey-turkiye,Middle East,-44961000000,133882000000,352514000000,6.2,28.3,54,44.4,386828000000,2.34,53.86,35071000,2.1,35.25,2936000000000,4.52,34400,105620000000,16.09,9.41,17.6
United Kingdom,united-kingdom,Europe,-110393000000,NA,1075000000000,0.7,16.9,72.8,32.4,1116000000000,0.14,6.79,35275000,2.3,142.28,3700000000000,0.1,54100,173569000000,27.3,4.06,12.5
United States,united-states,North America,-818822000000,NA,3052000000000,0.9,17.7,76.7,39.8,3832000000000,3.25,4.119999999999999,170549000,3.4,110.39,24662000000000,2.54,73600,516701000000,12.18,3.63,7.9
Virgin Islands,virgin-islands,Central America and the Caribbean,NA,NA,4075000000,NA,NA,NA,NA,4065000000,4.3,1,46000,NA,53.3,4895000000,2.85,46200,NA,28.9,12.09,25.6
Liechtenstein,liechtenstein,Europe,NA,NA,3217000000,0.2,40.2,55.4,NA,2230000000,4.3,-0.4,38520,NA,NA,4978000000,NA,NA,NA,NA,2.4,NA
Faroe Islands,faroe-islands,Europe,NA,NA,2219000000,18.7,18.1,52.3,NA,2223000000,4.3,-0.3,27540,NA,35,3798000000,5.4,71500,NA,30.2,2.2,NA
Greenland,greenland,North America,NA,NA,1147000000,17.5,16.1,62.7,33.9,1609000000,-10.63,0.3,26840,NA,13,3857000000,1.29,68100,NA,77.4,9.1,NA
Monaco,monaco,Europe,NA,NA,964600000,NA,12.3,87.7,NA,1371000000,-3.16,NA,52000,NA,NA,7672000000,11.1,115700,NA,NA,NA,26.6
American Samoa,american-samoa,Australia and Oceania,NA,NA,409000000,NA,NA,NA,NA,677000000,NA,-0.5,17850,NA,12.2,658000000,1.74,11200,NA,37.8,NA,NA
Falkland Islands (Islas Malvinas),falkland-islands-islas-malvinas,South America,NA,NA,257300000,41,20.6,38.4,36,NA,NA,1.4,1850,NA,0,206400000,25.5,70800,NA,NA,1,NA
"Korea, North",korea-north,East and Southeast Asia,NA,NA,222000000,22.5,47.6,29.9,NA,2320000000,4.3,NA,15837000,NA,NA,40000000000,-1.1,1700,NA,NA,3,7.1
Gibraltar,gibraltar,Europe,NA,NA,202300000,NA,NA,NA,NA,NA,4.3,NA,24420,NA,NA,2044000000,NA,61700,NA,NA,1,NA
Guam,guam,Australia and Oceania,NA,NA,186000000,NA,NA,NA,NA,3667000000,4.3,1,80000,NA,22.1,5793000000,5.1,35600,NA,21.4,5.42,12.9
Northern Mariana Islands,northern-mariana-islands,Australia and Oceania,NA,NA,128000000,1.7,58.1,40.2,NA,536000000,4.3,0.3,NA,NA,7.1,1242000000,-29.68,24500,NA,31.4,NA,NA
Cook Islands,cook-islands,Australia and Oceania,NA,NA,31400000,NA,NA,NA,NA,215000000,NA,NA,NA,NA,NA,266000000,10.5,15600,NA,NA,NA,NA
British Virgin Islands,british-virgin-islands,Central America and the Caribbean,NA,NA,23000000,0.2,6.8,93.1,NA,300000000,1.1,4.2,NA,NA,NA,500000000,2,34200,NA,38.9,2.9,NA
Niue,niue,Australia and Oceania,NA,NA,5680000,NA,NA,NA,NA,43800000,NA,NA,NA,NA,NA,18700000,NA,11100,NA,NA,NA,NA
Tokelau,tokelau,Australia and Oceania,NA,NA,103000,NA,NA,NA,NA,15792720,NA,4,1100,NA,NA,7711583,NA,6004,NA,NA,2,NA
Jersey,jersey,Europe,NA,NA,NA,0.8,8.4,92,0.3,NA,1.64,NA,86000,NA,NA,5569000000,7.81,56600,NA,NA,5.98,13.5
Guernsey,guernsey,Europe,NA,NA,NA,0.8,8.4,92,NA,NA,1.64,NA,86000,NA,NA,3465000000,7.81,52500,NA,NA,5.98,13.5
Isle of Man,isle-of-man,Europe,NA,NA,NA,0.3,9.4,91.8,NA,NA,9.95,4.1,NA,NA,NA,6792000000,3.84,84600,NA,NA,1.1,NA
Saint Martin,saint-martin,Central America and the Caribbean,NA,NA,NA,NA,NA,NA,NA,NA,4.3,NA,NA,NA,NA,NA,4.9,NA,NA,NA,NA,NA
Wallis and Futuna,wallis-and-futuna,Australia and Oceania,NA,NA,NA,NA,NA,NA,NA,NA,NA,0.9,NA,NA,NA,NA,NA,NA,NA,16.7,NA,NA
Saint Pierre and Miquelon,saint-pierre-and-miquelon,North America,NA,NA,NA,NA,NA,NA,NA,NA,NA,1.5,4429,NA,NA,261300000,NA,NA,NA,NA,8.7,NA
Holy See (Vatican City),holy-see-vatican-city,Europe,NA,NA,NA,NA,NA,NA,NA,NA,NA,NA,4822,NA,NA,NA,NA,NA,NA,NA,NA,NA
